INSERT INTO t_user (id, first_name, last_name, email) VALUES
(1, 'Foo', 'Bar', 'foo.bar@email.com'),
(2, 'Sergio', 'Aguero', 'sergio.aguero@email.com'),
(3, 'Riyad', 'Mahrez', 'riyad.mahrez@email.com'),
(4, 'Phil', 'Foden', 'phil.foden@email.com'),
(5, 'Raheem', 'Sterling', 'raheem.sterling@email.com'),
(6, 'Gabriel', 'Jesus', 'gabriel.jesus@email.com'),
(7, 'Rodri', 'M', 'rodri.m@email.com'),
(8, 'Ferran', 'Torres', 'ferran.torres@email.com'),
(9, 'Nathan', 'Ake', 'nathan.ake@email.com'),
(10, 'Bernardo', 'Silva', 'bernardo.silva@email.com'),
(11, 'Kyle', 'Walker', 'kyle.walker@email.com'),
(12, 'Kevin', 'Bruyne', 'kevin.bruyne@email.com');


INSERT INTO t_campsite(id, name, popularity) VALUES
(1, 'Beduin', 0),
(2, 'Jamal', 0),
(3, 'Rum Dream', 0),
(4, 'Khaled', 0),
(5, 'Panorama', 0),
(6, 'Mutlak', 0),
(7, 'Moon Rock', 0),
(8, 'Candles', 0),
(9, 'Appolon', 0),
(10, 'Sunissim', 0),
(11, 'Palmyre', 0),
(12, 'Charmettes', 0),
(13, 'Mobihome', 0),
(14, 'Davorel', 0),
(15, 'Bonne Anse', 0);

INSERT INTO t_campsite_reservation(id, user_id, campsite_id, start_date, end_date) VALUES
(1, 1, 1, 20210101, 20210104),
(2, 1, 1, 20210610, 20210613),
(3, 1, 1, 20210616, 20210619),
(4, 1, 1, 20210620, 20210623),
(5, 2, 2, 20211230, 20220102),
(6, 2, 3, 20211228, 20211231),
(7, 2, 2, 20210619, 20210622),
(8, 5, 5, 20210618, 20210621),
(9, 6, 6, 20210607, 20210610),
(10, 7, 7, 20210611, 20210614),
(11, 7, 7, 20210617, 20210620),
(12, 8, 8, 20210606, 20210609),
(13, 9, 9, 20210612, 20210615);

INSERT INTO t_campsite_availability (id, campsite_id, availability) VALUES
(1,1,'000000000000000000000000000000000000000000000000000000000000000000000000000000000000000000000000000000000000000000000000000000000000000000000000000000000000000000000000000000000000000000000000000000000000000000000000000000000000000000000000000000000000000000000000000000000000000000000000000000000000000000000000000000000000000000000000000000000000000000000000000000'),
(2,2,'000000000000000000000000000000000000000000000000000000000000000000000000000000000000000000000000000000000000000000000000000000000000000000000000000000000000000000000000000000000000000000000000000000000000000000000000000000000000000000000000000000000000000000000000000000000000000000000000000000000000000000000000000000000000000000000000000000000000000000000000000000'),
(3,3,'000000000000000000000000000000000000000000000000000000000000000000000000000000000000000000000000000000000000000000000000000000000000000000000000000000000000000000000000000000000000000000000000000000000000000000000000000000000000000000000000000000000000000000000000000000000000000000000000000000000000000000000000000000000000000000000000000000000000000000000000000000'),
(4,4,'000000000000000000000000000000000000000000000000000000000000000000000000000000000000000000000000000000000000000000000000000000000000000000000000000000000000000000000000000000000000000000000000000000000000000000000000000000000000000000000000000000000000000000000000000000000000000000000000000000000000000000000000000000000000000000000000000000000000000000000000000000'),
(5,5,'000000000000000000000000000000000000000000000000000000000000000000000000000000000000000000000000000000000000000000000000000000000000000000000000000000000000000000000000000000000000000000000000000000000000000000000000000000000000000000000000000000000000000000000000000000000000000000000000000000000000000000000000000000000000000000000000000000000000000000000000000000'),
(6,6,'000000000000000000000000000000000000000000000000000000000000000000000000000000000000000000000000000000000000000000000000000000000000000000000000000000000000000000000000000000000000000000000000000000000000000000000000000000000000000000000000000000000000000000000000000000000000000000000000000000000000000000000000000000000000000000000000000000000000000000000000000000'),
(7,7,'000000000000000000000000000000000000000000000000000000000000000000000000000000000000000000000000000000000000000000000000000000000000000000000000000000000000000000000000000000000000000000000000000000000000000000000000000000000000000000000000000000000000000000000000000000000000000000000000000000000000000000000000000000000000000000000000000000000000000000000000000000'),
(8,8,'000000000000000000000000000000000000000000000000000000000000000000000000000000000000000000000000000000000000000000000000000000000000000000000000000000000000000000000000000000000000000000000000000000000000000000000000000000000000000000000000000000000000000000000000000000000000000000000000000000000000000000000000000000000000000000000000000000000000000000000000000000'),
(9,9,'000000000000000000000000000000000000000000000000000000000000000000000000000000000000000000000000000000000000000000000000000000000000000000000000000000000000000000000000000000000000000000000000000000000000000000000000000000000000000000000000000000000000000000000000000000000000000000000000000000000000000000000000000000000000000000000000000000000000000000000000000000'),
(10,10,'000000000000000000000000000000000000000000000000000000000000000000000000000000000000000000000000000000000000000000000000000000000000000000000000000000000000000000000000000000000000000000000000000000000000000000000000000000000000000000000000000000000000000000000000000000000000000000000000000000000000000000000000000000000000000000000000000000000000000000000000000000'),
(11,11,'000000000000000000000000000000000000000000000000000000000000000000000000000000000000000000000000000000000000000000000000000000000000000000000000000000000000000000000000000000000000000000000000000000000000000000000000000000000000000000000000000000000000000000000000000000000000000000000000000000000000000000000000000000000000000000000000000000000000000000000000000000'),
(12,12,'000000000000000000000000000000000000000000000000000000000000000000000000000000000000000000000000000000000000000000000000000000000000000000000000000000000000000000000000000000000000000000000000000000000000000000000000000000000000000000000000000000000000000000000000000000000000000000000000000000000000000000000000000000000000000000000000000000000000000000000000000000'),
(13,13,'000000000000000000000000000000000000000000000000000000000000000000000000000000000000000000000000000000000000000000000000000000000000000000000000000000000000000000000000000000000000000000000000000000000000000000000000000000000000000000000000000000000000000000000000000000000000000000000000000000000000000000000000000000000000000000000000000000000000000000000000000000'),
(14,14,'000000000000000000000000000000000000000000000000000000000000000000000000000000000000000000000000000000000000000000000000000000000000000000000000000000000000000000000000000000000000000000000000000000000000000000000000000000000000000000000000000000000000000000000000000000000000000000000000000000000000000000000000000000000000000000000000000000000000000000000000000000'),
(15,15,'000000000000000000000000000000000000000000000000000000000000000000000000000000000000000000000000000000000000000000000000000000000000000000000000000000000000000000000000000000000000000000000000000000000000000000000000000000000000000000000000000000000000000000000000000000000000000000000000000000000000000000000000000000000000000000000000000000000000000000000000000000');
